	INSERT INTO addresses (id, postal_code, area, city, street, house) VALUES
(1, '652050', 'Кемеровская область', 'город Юрга', 'ул. Лесная', '15'),
(2, '164500', 'Архангельская область', 'город Северодвинск', 'ул. Строителей', '18'),
(3, '188910', 'Ленинградская область', 'город Приморск', 'ул. Парковая', '21'),
(4, '143960', 'Московская область', 'город Реутов', 'ул. Свободы', '51'),
(5, '309500', 'Белгородская область', 'город Старый Оскол', 'ул. Рабочая', '122');

INSERT INTO partner_types (id, name) VALUES
(1, 'ЗАО'),
(2, 'ООО'),
(3, 'ПАО'),
(4, 'ОАО');

INSERT INTO partners (id, name, type_id, director_last_name, director_first_name, director_middle_name, email, phone, legal_address_id, inn, rating) VALUES
(1, 'База Строитель', 2, 'Иванова', 'Александра', 'Ивановна', 'aleksandraivanova@ml.ru', '493 123 45 67', 1, '2222455179', 7),
(2, 'Паркет 29', 2, 'Петров', 'Василий', 'Петрович', 'vppetrov@vl.ru', '987 123 56 78', 2, '3333888520', 7),
(3, 'Стройсервис', 2, 'Соловьев', 'Андрей', 'Николаевич', 'ansolovev@st.ru', '812 223 32 00', 3, '4440391035', 7),
(4, 'Ремонт и отделка', 2, 'Воробьева', 'Екатерина', 'Валерьевна', 'ekaterina.vorobeva@ml.ru', '444 222 33 11', 4, '1111520857', 5),
(5, 'МонтажПро', 2, 'Степанов', 'Степан', 'Сергеевич', 'stepanov@stepan.ru', '912 888 33 33', 5, '5552431140', 10);

INSERT INTO partner_rating_history (partner_id, old_rating, new_rating, changed_by) VALUES
(1, NULL, 7, 'system'),
(2, NULL, 7, 'system'),
(3, NULL, 7, 'system'),
(4, NULL, 5, 'system'),
(5, NULL, 10, 'system');

INSERT INTO product_types (id, name, coefficient) VALUES
(1, 'Ламинат', 2.35),
(2, 'Массивная доска', 5.15),
(3, 'Паркетная доска', 4.34),
(4, 'Пробковое покрытие', 1.5);

INSERT INTO materials (id, defect_rate) VALUES
(1, 0.10),
(2, 0.95),
(3, 0.28),
(4, 0.55),
(5, 0.34);

INSERT INTO products (article, type_id, material_id, name, min_partner_price) VALUES
('8758385', 3, 3, 'Паркетная доска Ясень темный однополосная 14 мм', 4456.90),
('8858958', 3, 3, 'Инженерная доска Дуб Французская елка однополосная 12 мм', 7330.99),
('7750282', 1, 1, 'Ламинат Дуб дымчато-белый 33 класс 12 мм', 1799.33),
('7028748', 1, 1, 'Ламинат Дуб серый 32 класс 8 мм с фаской', 3890.41),
('5012543', 4, 4, 'Пробковое напольное клеевое покрытие 32 класс 4 мм', 5450.59);


INSERT INTO sale_headers (id, partner_id, sale_date) VALUES
(1, 1, '2023-03-23'),
(2, 1, '2023-12-18'),
(3, 1, '2024-06-07'),
(4, 2, '2022-12-02'),
(5, 2, '2023-05-17'),
(6, 2, '2024-06-07'),
(7, 2, '2024-07-01'),
(8, 3, '2023-01-22'),
(9, 3, '2024-07-05'),
(10, 4, '2023-03-20'),
(11, 4, '2024-03-12'),
(12, 4, '2024-05-14'),
(13, 5, '2023-09-19'),
(14, 5, '2023-11-10'),
(15, 5, '2024-04-15'),
(16, 5, '2024-06-12');

INSERT INTO sale_items (sale_id, product_article, quantity) VALUES
(1, '8758385', 15500),
(2, '7750282', 12350),
(3, '7028748', 37400),
(4, '8858958', 35000),
(5, '5012543', 1250),
(6, '7750282', 1000),
(7, '8758385', 7550),
(8, '8758385', 7250),
(9, '8858958', 2500),
(10, '7028748', 59050),
(11, '7750282', 37200),
(12, '5012543', 4500),
(13, '7750282', 50000),
(14, '7028748', 670000),
(15, '8758385', 35000),
(16, '8858958', 25000);